TR-808_clone.xml(282,C40
TR-808_clone.xml(290,R153
TR-808_clone.xml(298,R152
TR-808_clone.xml(306,Q39
TR-808_clone.xml(314,R154
TR-808_clone.xml(322,R155
TR-808_clone.xml(330,Q40
TR-808_clone.xml(338,R163
TR-808_clone.xml(346,R158
TR-808_clone.xml(354,R157
TR-808_clone.xml(362,Q41
TR-808_clone.xml(370,R156
TR-808_clone.xml(378,Q42
TR-808_clone.xml(386,C38
TR-808_clone.xml(394,R160
TR-808_clone.xml(402,C39
TR-808_clone.xml(410,R159
TR-808_clone.xml(418,R162
TR-808_clone.xml(426,D53
TR-808_clone.xml(434,D52
TR-808_clone.xml(442,R161
TR-808_clone.xml(450,C41
TR-808_clone.xml(458,Q43
TR-808_clone.xml(466,R165
TR-808_clone.xml(474,R166
TR-808_clone.xml(482,C42
TR-808_clone.xml(490,R167
TR-808_clone.xml(498,R170
TR-808_clone.xml(506,U12
TR-808_clone.xml(514,R164
TR-808_clone.xml(522,R172
TR-808_clone.xml(530,R171
TR-808_clone.xml(538,VR5
TR-808_clone.xml(546,R168
TR-808_clone.xml(554,R169
TR-808_clone.xml(562,VR6
TR-808_clone.xml(570,C43
TR-808_clone.xml(578,C45
TR-808_clone.xml(586,C47
TR-808_clone.xml(594,VR4
TR-808_clone.xml(602,C49
TR-808_clone.xml(610,R177
TR-808_clone.xml(618,R176
TR-808_clone.xml(626,Q44
TR-808_clone.xml(634,R173
TR-808_clone.xml(642,C48
TR-808_clone.xml(650,C50
TR-808_clone.xml(658,R174
TR-808_clone.xml(666,R175
TR-808_clone.xml(674,J011
TR-808_clone.xml(682,C57
TR-808_clone.xml(690,R181
TR-808_clone.xml(698,R180
TR-808_clone.xml(706,Q45
TR-808_clone.xml(714,R182
TR-808_clone.xml(722,R183
TR-808_clone.xml(730,Q46
TR-808_clone.xml(738,R189
TR-808_clone.xml(746,D54
TR-808_clone.xml(754,C66
TR-808_clone.xml(762,Q47
TR-808_clone.xml(770,U14
TR-808_clone.xml(778,VR9
TR-808_clone.xml(786,R210
TR-808_clone.xml(794,C68
TR-808_clone.xml(802,VR7
TR-808_clone.xml(810,C70
TR-808_clone.xml(818,C51
TR-808_clone.xml(826,R207
TR-808_clone.xml(834,R190
TR-808_clone.xml(842,R199
TR-808_clone.xml(850,R186
TR-808_clone.xml(858,R187
TR-808_clone.xml(866,R184
TR-808_clone.xml(874,C55
TR-808_clone.xml(882,R185
TR-808_clone.xml(890,C52
TR-808_clone.xml(898,R193
TR-808_clone.xml(906,C53
TR-808_clone.xml(914,Q48
TR-808_clone.xml(922,C54
TR-808_clone.xml(930,R188
TR-808_clone.xml(938,C56
TR-808_clone.xml(946,R194
TR-808_clone.xml(954,C67
TR-808_clone.xml(962,R202
TR-808_clone.xml(970,R201
TR-808_clone.xml(978,Q49
TR-808_clone.xml(986,R203
TR-808_clone.xml(994,C69
TR-808_clone.xml(1002,R205
TR-808_clone.xml(1010,C58
TR-808_clone.xml(1018,R196
TR-808_clone.xml(1026,R197
TR-808_clone.xml(1034,C59
TR-808_clone.xml(1042,C63
TR-808_clone.xml(1050,R191
TR-808_clone.xml(1058,R192
TR-808_clone.xml(1066,C60
TR-808_clone.xml(1074,R195
TR-808_clone.xml(1082,R198
TR-808_clone.xml(1090,C61
TR-808_clone.xml(1098,R200
TR-808_clone.xml(1106,C65
TR-808_clone.xml(1114,VR8
TR-808_clone.xml(1122,R204
TR-808_clone.xml(1130,R206
TR-808_clone.xml(1138,U13
TR-808_clone.xml(1146,J012
TR-808_clone.xml(1154,R124
TR-808_clone.xml(1162,Q35
TR-808_clone.xml(1170,R128
TR-808_clone.xml(1178,U24
TR-808_clone.xml(1186,TM4
TR-808_clone.xml(1194,C31
TR-808_clone.xml(1202,C29
TR-808_clone.xml(1210,C32
TR-808_clone.xml(1218,R133
TR-808_clone.xml(1226,C202
TR-808_clone.xml(1234,R131
TR-808_clone.xml(1242,C35
TR-808_clone.xml(1250,R130
TR-808_clone.xml(1258,TP4
TR-808_clone.xml(1266,R132
TR-808_clone.xml(1274,C33
TR-808_clone.xml(1282,R1124
TR-808_clone.xml(1290,Q135
TR-808_clone.xml(1298,R1128
TR-808_clone.xml(1306,U124
TR-808_clone.xml(1314,TM14
TR-808_clone.xml(1322,C1031
TR-808_clone.xml(1330,C1029
TR-808_clone.xml(1338,C1032
TR-808_clone.xml(1346,R1133
TR-808_clone.xml(1354,C1202
TR-808_clone.xml(1362,R1131
TR-808_clone.xml(1370,C1035
TR-808_clone.xml(1378,R1130
TR-808_clone.xml(1386,TP14
TR-808_clone.xml(1394,R1132
TR-808_clone.xml(1402,C1033
TR-808_clone.xml(1410,P1
TR-808_clone.xml(1418,C44
TR-808_clone.xml(1426,C46
TR-808_clone.xml(1434,R179
TR-808_clone.xml(1442,R178
TR-808_clone.xml(1450,C64
TR-808_clone.xml(1458,R208
TR-808_clone.xml(1466,C62
TR-808_clone.xml(1474,R209
TR-808_clone.xml(1482,C79
TR-808_clone.xml(1490,R236
TR-808_clone.xml(1498,R237
TR-808_clone.xml(1506,C80
TR-808_clone.xml(1514,C12
TR-808_clone.xml(1522,R264
TR-808_clone.xml(1530,R265
TR-808_clone.xml(1538,C13
TR-808_clone.xml(1546,C106
TR-808_clone.xml(1554,R292
TR-808_clone.xml(1562,C107
TR-808_clone.xml(1570,R293
TR-808_clone.xml(1578,P2
TR-808_clone.xml(1586,C025
TR-808_clone.xml(1594,R079
TR-808_clone.xml(1602,R078
TR-808_clone.xml(1610,C024
TR-808_clone.xml(1618,C089
TR-808_clone.xml(1626,R0171
TR-808_clone.xml(1634,R0170
TR-808_clone.xml(1642,C088
TR-808_clone.xml(1650,C085
TR-808_clone.xml(1658,R0165
TR-808_clone.xml(1666,R0164
TR-808_clone.xml(1674,C084
TR-808_clone.xml(1682,C148
TR-808_clone.xml(1690,R380
TR-808_clone.xml(1698,R379
TR-808_clone.xml(1706,C147
TR-808_clone.xml(1714,C123
TR-808_clone.xml(1722,R329
TR-808_clone.xml(1730,R328
TR-808_clone.xml(1738,C124
TR-808_clone.xml(1746,C179
TR-808_clone.xml(1754,R1236
TR-808_clone.xml(1762,R1237
TR-808_clone.xml(1770,C180
TR-808_clone.xml(1778,C1012
TR-808_clone.xml(1786,R1264
TR-808_clone.xml(1794,R1265
TR-808_clone.xml(1802,C1013
TR-808_clone.xml(1810,C1148
TR-808_clone.xml(1818,R1380
TR-808_clone.xml(1826,R1379
TR-808_clone.xml(1834,C1147
TR-808_clone.xml(1842,C1123
TR-808_clone.xml(1850,R1329
TR-808_clone.xml(1858,R1328
TR-808_clone.xml(1866,C1124
TR-808_clone.xml(1874,P3
TR-808_clone.xml(1882,P4
TR-808_clone.xml(1890,C212
TR-808_clone.xml(1898,R2264
TR-808_clone.xml(1906,R2265
TR-808_clone.xml(1914,C213
TR-808_clone.xml(1922,R2266
TR-808_clone.xml(1930,C234
TR-808_clone.xml(1938,U40
TR-808_clone.xml(1946,C237
TR-808_clone.xml(1954,C235
TR-808_clone.xml(1962,C236
TR-808_clone.xml(1970,C73
TR-808_clone.xml(1978,R212
TR-808_clone.xml(1986,R211
TR-808_clone.xml(1994,Q50
TR-808_clone.xml(2002,R213
TR-808_clone.xml(2010,R214
TR-808_clone.xml(2018,Q51
TR-808_clone.xml(2026,R226
TR-808_clone.xml(2034,D56
TR-808_clone.xml(2042,U15
TR-808_clone.xml(2050,VR11
TR-808_clone.xml(2058,C82
TR-808_clone.xml(2066,VR10
TR-808_clone.xml(2074,R218
TR-808_clone.xml(2082,R215
TR-808_clone.xml(2090,R219
TR-808_clone.xml(2098,R225
TR-808_clone.xml(2106,D55
TR-808_clone.xml(2114,C72
TR-808_clone.xml(2122,C71
TR-808_clone.xml(2130,R217
TR-808_clone.xml(2138,R216
TR-808_clone.xml(2146,R220
TR-808_clone.xml(2154,Q52
TR-808_clone.xml(2162,R221
TR-808_clone.xml(2170,C74
TR-808_clone.xml(2178,R223
TR-808_clone.xml(2186,C75
TR-808_clone.xml(2194,R228
TR-808_clone.xml(2202,C76
TR-808_clone.xml(2210,C78
TR-808_clone.xml(2218,C77
TR-808_clone.xml(2226,R229
TR-808_clone.xml(2234,R227
TR-808_clone.xml(2242,R230
TR-808_clone.xml(2250,R233
TR-808_clone.xml(2258,C81
TR-808_clone.xml(2266,R232
TR-808_clone.xml(2274,R234
TR-808_clone.xml(2282,R235
TR-808_clone.xml(2290,C83
TR-808_clone.xml(2298,R222
TR-808_clone.xml(2306,R231
TR-808_clone.xml(2314,D80
TR-808_clone.xml(2322,D81
TR-808_clone.xml(2330,R238
TR-808_clone.xml(2338,C86
TR-808_clone.xml(2346,R241
TR-808_clone.xml(2354,R240
TR-808_clone.xml(2362,Q53
TR-808_clone.xml(2370,R242
TR-808_clone.xml(2378,R243
TR-808_clone.xml(2386,Q54
TR-808_clone.xml(2394,R255
TR-808_clone.xml(2402,D58
TR-808_clone.xml(2410,U17
TR-808_clone.xml(2418,U16
TR-808_clone.xml(2426,VR13
TR-808_clone.xml(2434,C95
TR-808_clone.xml(2442,VR12
TR-808_clone.xml(2450,R247
TR-808_clone.xml(2458,R251
TR-808_clone.xml(2466,R244
TR-808_clone.xml(2474,R254
TR-808_clone.xml(2482,D57
TR-808_clone.xml(2490,C85
TR-808_clone.xml(2498,C84
TR-808_clone.xml(2506,R246
TR-808_clone.xml(2514,R245
TR-808_clone.xml(2522,R248
TR-808_clone.xml(2530,Q55
TR-808_clone.xml(2538,R252
TR-808_clone.xml(2546,C87
TR-808_clone.xml(2554,R249
TR-808_clone.xml(2562,C88
TR-808_clone.xml(2570,R257
TR-808_clone.xml(2578,C90
TR-808_clone.xml(2586,C92
TR-808_clone.xml(2594,C91
TR-808_clone.xml(2602,R258
TR-808_clone.xml(2610,R256
TR-808_clone.xml(2618,R259
TR-808_clone.xml(2626,R262
TR-808_clone.xml(2634,C96
TR-808_clone.xml(2642,R261
TR-808_clone.xml(2650,R263
TR-808_clone.xml(2658,R266
TR-808_clone.xml(2666,C97
TR-808_clone.xml(2674,R250
TR-808_clone.xml(2682,C89
TR-808_clone.xml(2690,R260
TR-808_clone.xml(2698,D82
TR-808_clone.xml(2706,D83
TR-808_clone.xml(2714,R239
TR-808_clone.xml(2722,C99
TR-808_clone.xml(2730,R271
TR-808_clone.xml(2738,R267
TR-808_clone.xml(2746,Q56
TR-808_clone.xml(2754,R268
TR-808_clone.xml(2762,R269
TR-808_clone.xml(2770,Q57
TR-808_clone.xml(2778,R282
TR-808_clone.xml(2786,D60
TR-808_clone.xml(2794,U18
TR-808_clone.xml(2802,VR15
TR-808_clone.xml(2810,C109
TR-808_clone.xml(2818,VR14
TR-808_clone.xml(2826,R276
TR-808_clone.xml(2834,R270
TR-808_clone.xml(2842,R274
TR-808_clone.xml(2850,R281
TR-808_clone.xml(2858,D59
TR-808_clone.xml(2866,C100
TR-808_clone.xml(2874,C98
TR-808_clone.xml(2882,R272
TR-808_clone.xml(2890,R273
TR-808_clone.xml(2898,R275
TR-808_clone.xml(2906,Q58
TR-808_clone.xml(2914,R279
TR-808_clone.xml(2922,C101
TR-808_clone.xml(2930,R277
TR-808_clone.xml(2938,C102
TR-808_clone.xml(2946,R284
TR-808_clone.xml(2954,C103
TR-808_clone.xml(2962,C105
TR-808_clone.xml(2970,C104
TR-808_clone.xml(2978,R285
TR-808_clone.xml(2986,R283
TR-808_clone.xml(2994,R286
TR-808_clone.xml(3002,R289
TR-808_clone.xml(3010,C108
TR-808_clone.xml(3018,R288
TR-808_clone.xml(3026,R290
TR-808_clone.xml(3034,R291
TR-808_clone.xml(3042,C110
TR-808_clone.xml(3050,R278
TR-808_clone.xml(3058,R287
TR-808_clone.xml(3066,D84
TR-808_clone.xml(3074,D85
TR-808_clone.xml(3082,R294
TR-808_clone.xml(3090,C122
TR-808_clone.xml(3098,R303
TR-808_clone.xml(3106,R297
TR-808_clone.xml(3114,Q59
TR-808_clone.xml(3122,R298
TR-808_clone.xml(3130,R299
TR-808_clone.xml(3138,Q60
TR-808_clone.xml(3146,R107
TR-808_clone.xml(3154,U21
TR-808_clone.xml(3162,U20
TR-808_clone.xml(3170,R330
TR-808_clone.xml(3178,C126
TR-808_clone.xml(3186,VR16
TR-808_clone.xml(3194,C153
TR-808_clone.xml(3202,R295
TR-808_clone.xml(3210,R321
TR-808_clone.xml(3218,R306
TR-808_clone.xml(3226,C24
TR-808_clone.xml(3234,C125
TR-808_clone.xml(3242,Q62
TR-808_clone.xml(3250,R300
TR-808_clone.xml(3258,C114
TR-808_clone.xml(3266,D61
TR-808_clone.xml(3274,R108
TR-808_clone.xml(3282,D63
TR-808_clone.xml(3290,C121
TR-808_clone.xml(3298,C120
TR-808_clone.xml(3306,R322
TR-808_clone.xml(3314,R325
TR-808_clone.xml(3322,Q63
TR-808_clone.xml(3330,R323
TR-808_clone.xml(3338,R316
TR-808_clone.xml(3346,C116
TR-808_clone.xml(3354,C115
TR-808_clone.xml(3362,R315
TR-808_clone.xml(3370,R302
TR-808_clone.xml(3378,R301
TR-808_clone.xml(3386,D62
TR-808_clone.xml(3394,R307
TR-808_clone.xml(3402,C111
TR-808_clone.xml(3410,R318
TR-808_clone.xml(3418,R317
TR-808_clone.xml(3426,R320
TR-808_clone.xml(3434,R309
TR-808_clone.xml(3442,R314
TR-808_clone.xml(3450,R308
TR-808_clone.xml(3458,C119
TR-808_clone.xml(3466,C117
TR-808_clone.xml(3474,R312
TR-808_clone.xml(3482,R311
TR-808_clone.xml(3490,R310
TR-808_clone.xml(3498,D64
TR-808_clone.xml(3506,C118
TR-808_clone.xml(3514,R324
TR-808_clone.xml(3522,R326
TR-808_clone.xml(3530,U19
TR-808_clone.xml(3538,R331
TR-808_clone.xml(3546,R327
TR-808_clone.xml(3554,Q74
TR-808_clone.xml(3562,C113
TR-808_clone.xml(3570,R305
TR-808_clone.xml(3578,Q61
TR-808_clone.xml(3586,R304
TR-808_clone.xml(3594,C112
TR-808_clone.xml(3602,R104
TR-808_clone.xml(3610,R103
TR-808_clone.xml(3618,Q28
TR-808_clone.xml(3626,R106
TR-808_clone.xml(3634,R105
TR-808_clone.xml(3642,Q29
TR-808_clone.xml(3650,C145
TR-808_clone.xml(3658,VR17
TR-808_clone.xml(3666,C149
TR-808_clone.xml(3674,R296
TR-808_clone.xml(3682,R350
TR-808_clone.xml(3690,C139
TR-808_clone.xml(3698,C143
TR-808_clone.xml(3706,D69
TR-808_clone.xml(3714,R373
TR-808_clone.xml(3722,Q69
TR-808_clone.xml(3730,D68
TR-808_clone.xml(3738,R348
TR-808_clone.xml(3746,C138
TR-808_clone.xml(3754,R349
TR-808_clone.xml(3762,R362
TR-808_clone.xml(3770,R370
TR-808_clone.xml(3778,TM3
TR-808_clone.xml(3786,Q70
TR-808_clone.xml(3794,R369
TR-808_clone.xml(3802,R0200
TR-808_clone.xml(3810,R363
TR-808_clone.xml(3818,C137
TR-808_clone.xml(3826,R346
TR-808_clone.xml(3834,R342
TR-808_clone.xml(3842,C152
TR-808_clone.xml(3850,C146
TR-808_clone.xml(3858,R376
TR-808_clone.xml(3866,R382
TR-808_clone.xml(3874,R372
TR-808_clone.xml(3882,R381
TR-808_clone.xml(3890,C136
TR-808_clone.xml(3898,R334
TR-808_clone.xml(3906,C128
TR-808_clone.xml(3914,C129
TR-808_clone.xml(3922,R333
TR-808_clone.xml(3930,R332
TR-808_clone.xml(3938,C127
TR-808_clone.xml(3946,R383
TR-808_clone.xml(3954,C150
TR-808_clone.xml(3962,R378
TR-808_clone.xml(3970,Q71
TR-808_clone.xml(3978,Q72
TR-808_clone.xml(3986,R366
TR-808_clone.xml(3994,R364
TR-808_clone.xml(4002,R371
TR-808_clone.xml(4010,R368
TR-808_clone.xml(4018,R367
TR-808_clone.xml(4026,C144
TR-808_clone.xml(4034,Q73
TR-808_clone.xml(4042,R358
TR-808_clone.xml(4050,R357
TR-808_clone.xml(4058,R359
TR-808_clone.xml(4066,C142
TR-808_clone.xml(4074,U23
TR-808_clone.xml(4082,R356
TR-808_clone.xml(4090,R354
TR-808_clone.xml(4098,D71
TR-808_clone.xml(4106,R365
TR-808_clone.xml(4114,R355
TR-808_clone.xml(4122,C141
TR-808_clone.xml(4130,C140
TR-808_clone.xml(4138,D70
TR-808_clone.xml(4146,R352
TR-808_clone.xml(4154,R353
TR-808_clone.xml(4162,R351
TR-808_clone.xml(4170,R360
TR-808_clone.xml(4178,R361
TR-808_clone.xml(4186,D65
TR-808_clone.xml(4194,C131
TR-808_clone.xml(4202,R338
TR-808_clone.xml(4210,C132
TR-808_clone.xml(4218,R339
TR-808_clone.xml(4226,C133
TR-808_clone.xml(4234,R340
TR-808_clone.xml(4242,Q68
TR-808_clone.xml(4250,R347
TR-808_clone.xml(4258,C151
TR-808_clone.xml(4266,R377
TR-808_clone.xml(4274,Q65
TR-808_clone.xml(4282,R336
TR-808_clone.xml(4290,C130
TR-808_clone.xml(4298,R335
TR-808_clone.xml(4306,R375
TR-808_clone.xml(4314,R374
TR-808_clone.xml(4322,U22
TR-808_clone.xml(4329,R05
TR-808_clone.xml(4337,R04
TR-808_clone.xml(4345,Q015
TR-808_clone.xml(4353,R09
TR-808_clone.xml(4361,R014
TR-808_clone.xml(4369,Q05
TR-808_clone.xml(4377,R062
TR-808_clone.xml(4385,U2
TR-808_clone.xml(4393,VR05
TR-808_clone.xml(4401,R0122
TR-808_clone.xml(4409,D03
TR-808_clone.xml(4417,Q01
TR-808_clone.xml(4425,C030
TR-808_clone.xml(4433,R063
TR-808_clone.xml(4441,C032
TR-808_clone.xml(4449,R030
TR-808_clone.xml(4457,R028
TR-808_clone.xml(4465,Q014
TR-808_clone.xml(4473,R064
TR-808_clone.xml(4481,D04
TR-808_clone.xml(4489,R065
TR-808_clone.xml(4497,C033
TR-808_clone.xml(4505,R032
TR-808_clone.xml(4513,R029
TR-808_clone.xml(4521,R026
TR-808_clone.xml(4529,C029
TR-808_clone.xml(4537,C031
TR-808_clone.xml(4545,R027
TR-808_clone.xml(4553,C028
TR-808_clone.xml(4561,R033
TR-808_clone.xml(4569,R031
TR-808_clone.xml(4577,R025
TR-808_clone.xml(4585,R082
TR-808_clone.xml(4593,C034
TR-808_clone.xml(4601,C075
TR-808_clone.xml(4609,R0116
TR-808_clone.xml(4617,C076
TR-808_clone.xml(4625,R0117
TR-808_clone.xml(4633,R0163
TR-808_clone.xml(4641,D02
TR-808_clone.xml(4649,C09
TR-808_clone.xml(4657,R024
TR-808_clone.xml(4665,R06
TR-808_clone.xml(4673,R03
TR-808_clone.xml(4681,Q018
TR-808_clone.xml(4689,R010
TR-808_clone.xml(4697,R015
TR-808_clone.xml(4705,Q06
TR-808_clone.xml(4713,R050
TR-808_clone.xml(4721,U3
TR-808_clone.xml(4729,VR02
TR-808_clone.xml(4737,R083
TR-808_clone.xml(4745,D012
TR-808_clone.xml(4753,Q02
TR-808_clone.xml(4761,C06
TR-808_clone.xml(4769,R0101
TR-808_clone.xml(4777,R0102
TR-808_clone.xml(4785,R044
TR-808_clone.xml(4793,C015
TR-808_clone.xml(4801,C011
TR-808_clone.xml(4809,R058
TR-808_clone.xml(4817,C012
TR-808_clone.xml(4825,C045
TR-808_clone.xml(4833,C057
TR-808_clone.xml(4841,R060
TR-808_clone.xml(4849,R061
TR-808_clone.xml(4857,TM01
TR-808_clone.xml(4865,U4
TR-808_clone.xml(4872,R048
TR-808_clone.xml(4880,R045
TR-808_clone.xml(4888,TM02
TR-808_clone.xml(4896,C05
TR-808_clone.xml(4904,R046
TR-808_clone.xml(4912,C04
TR-808_clone.xml(4920,R043
TR-808_clone.xml(4928,R039
TR-808_clone.xml(4936,C03
TR-808_clone.xml(4944,R042
TR-808_clone.xml(4952,R037
TR-808_clone.xml(4960,C02
TR-808_clone.xml(4968,R041
TR-808_clone.xml(4976,R035
TR-808_clone.xml(4984,C01
TR-808_clone.xml(4992,R040
TR-808_clone.xml(5000,C016
TR-808_clone.xml(5008,R059
TR-808_clone.xml(5016,C013
TR-808_clone.xml(5024,C010
TR-808_clone.xml(5032,R056
TR-808_clone.xml(5040,C014
TR-808_clone.xml(5048,R057
TR-808_clone.xml(5056,R053
TR-808_clone.xml(5064,C046
TR-808_clone.xml(5072,R0103
TR-808_clone.xml(5080,R0104
TR-808_clone.xml(5088,R0105
TR-808_clone.xml(5096,C048
TR-808_clone.xml(5104,R0124
TR-808_clone.xml(5112,C059
TR-808_clone.xml(5120,Q025
TR-808_clone.xml(5128,R0126
TR-808_clone.xml(5136,R0127
TR-808_clone.xml(5144,C058
TR-808_clone.xml(5152,R0123
TR-808_clone.xml(5160,R0121
TR-808_clone.xml(5168,Q17
TR-808_clone.xml(5176,R098
TR-808_clone.xml(5184,R0100
TR-808_clone.xml(5192,C044
TR-808_clone.xml(5200,R099
TR-808_clone.xml(5208,C043
TR-808_clone.xml(5216,D011
TR-808_clone.xml(5224,C050
TR-808_clone.xml(5232,R090
TR-808_clone.xml(5240,Q020
TR-808_clone.xml(5248,R091
TR-808_clone.xml(5256,R092
TR-808_clone.xml(5264,R089
TR-808_clone.xml(5272,R093
TR-808_clone.xml(5280,C041
TR-808_clone.xml(5288,Q016
TR-808_clone.xml(5296,R095
TR-808_clone.xml(5304,R096
TR-808_clone.xml(5312,C042
TR-808_clone.xml(5320,R097
TR-808_clone.xml(5328,C036
TR-808_clone.xml(5336,D05
TR-808_clone.xml(5344,C047
TR-808_clone.xml(5352,R087
TR-808_clone.xml(5360,C039
TR-808_clone.xml(5368,R094
TR-808_clone.xml(5376,C037
TR-808_clone.xml(5384,R088
TR-808_clone.xml(5392,C040
TR-808_clone.xml(5400,C038
TR-808_clone.xml(5408,D06
TR-808_clone.xml(5416,D07
TR-808_clone.xml(5424,C035
TR-808_clone.xml(5432,R085
TR-808_clone.xml(5440,R086
TR-808_clone.xml(5448,Q019
TR-808_clone.xml(5456,R084
TR-808_clone.xml(5464,C049
TR-808_clone.xml(5472,R0106
TR-808_clone.xml(5480,C053
TR-808_clone.xml(5488,C054
TR-808_clone.xml(5496,R0109
TR-808_clone.xml(5504,R0108
TR-808_clone.xml(5512,U5
TR-808_clone.xml(5520,R0111
TR-808_clone.xml(5528,R0110
TR-808_clone.xml(5536,C055
TR-808_clone.xml(5544,R0112
TR-808_clone.xml(5552,R0119
TR-808_clone.xml(5560,C051
TR-808_clone.xml(5568,C052
TR-808_clone.xml(5576,R0113
TR-808_clone.xml(5584,R0107
TR-808_clone.xml(5592,R0115
TR-808_clone.xml(5600,R0114
TR-808_clone.xml(5608,C056
TR-808_clone.xml(5616,R0120
TR-808_clone.xml(5624,R0129
TR-808_clone.xml(5632,R0125
TR-808_clone.xml(5640,D8
TR-808_clone.xml(5648,VR04
TR-808_clone.xml(5656,C090
TR-808_clone.xml(5664,R0118
TR-808_clone.xml(5672,U6
TR-808_clone.xml(5680,R0128
TR-808_clone.xml(5688,C077
TR-808_clone.xml(5696,C078
TR-808_clone.xml(5704,R0166
TR-808_clone.xml(5712,VR06
TR-808_clone.xml(5720,R052
TR-808_clone.xml(5728,R055
TR-808_clone.xml(5736,Q09
TR-808_clone.xml(5744,R07
TR-808_clone.xml(5752,R02
TR-808_clone.xml(5760,Q027
TR-808_clone.xml(5768,R011
TR-808_clone.xml(5776,R016
TR-808_clone.xml(5784,Q08
TR-808_clone.xml(5792,R013
TR-808_clone.xml(5800,D013
TR-808_clone.xml(5808,Q04
TR-808_clone.xml(5816,R0145
TR-808_clone.xml(5824,R0148
TR-808_clone.xml(5832,C067
TR-808_clone.xml(5840,R0149
TR-808_clone.xml(5848,R0144
TR-808_clone.xml(5856,C066
TR-808_clone.xml(5864,R0147
TR-808_clone.xml(5872,C068
TR-808_clone.xml(5880,Q026
TR-808_clone.xml(5888,R0156
TR-808_clone.xml(5896,R0146
TR-808_clone.xml(5904,C080
TR-808_clone.xml(5912,R0160
TR-808_clone.xml(5920,C060
TR-808_clone.xml(5928,U7
TR-808_clone.xml(5936,R0158
TR-808_clone.xml(5944,R0159
TR-808_clone.xml(5952,C079
TR-808_clone.xml(5960,C081
TR-808_clone.xml(5968,R0169
TR-808_clone.xml(5976,VR07
TR-808_clone.xml(5984,R08
TR-808_clone.xml(5992,R01
TR-808_clone.xml(6000,R012
TR-808_clone.xml(6008,R17
TR-808_clone.xml(6016,Q07
TR-808_clone.xml(6024,R0131
TR-808_clone.xml(6032,Q03
TR-808_clone.xml(6040,R0130
TR-808_clone.xml(6048,Q021
TR-808_clone.xml(6056,VR03
TR-808_clone.xml(6064,R0132
TR-808_clone.xml(6072,Q023
TR-808_clone.xml(6080,Q022
TR-808_clone.xml(6088,R0134
TR-808_clone.xml(6096,R0133
TR-808_clone.xml(6104,Q024
TR-808_clone.xml(6112,R0135
TR-808_clone.xml(6120,R0137
TR-808_clone.xml(6128,C062
TR-808_clone.xml(6136,R0139
TR-808_clone.xml(6144,R0140
TR-808_clone.xml(6152,Q029
TR-808_clone.xml(6160,R0143
TR-808_clone.xml(6168,R0138
TR-808_clone.xml(6176,Q028
TR-808_clone.xml(6184,R0141
TR-808_clone.xml(6192,R0173
TR-808_clone.xml(6200,C061
TR-808_clone.xml(6208,R0136
TR-808_clone.xml(6216,C063
TR-808_clone.xml(6224,C065
TR-808_clone.xml(6232,C064
TR-808_clone.xml(6240,Q030
TR-808_clone.xml(6248,D014
TR-808_clone.xml(6256,R0152
TR-808_clone.xml(6264,R0151
TR-808_clone.xml(6272,C071
TR-808_clone.xml(6280,R0150
TR-808_clone.xml(6288,R0142
TR-808_clone.xml(6296,C072
TR-808_clone.xml(6304,R0153
TR-808_clone.xml(6312,C073
TR-808_clone.xml(6320,Q031
TR-808_clone.xml(6328,R0154
TR-808_clone.xml(6336,R0155
TR-808_clone.xml(6344,C074
TR-808_clone.xml(6352,R0162
TR-808_clone.xml(6360,R0157
TR-808_clone.xml(6368,R0161
TR-808_clone.xml(6376,C082
TR-808_clone.xml(6384,C083
TR-808_clone.xml(6392,R0172
TR-808_clone.xml(6400,VR08
TR-808_clone.xml(6408,C070
TR-808_clone.xml(6416,C069
TR-808_clone.xml(6424,R471
TR-808_clone.xml(6432,R468
TR-808_clone.xml(6440,Q79
TR-808_clone.xml(6448,R473
TR-808_clone.xml(6456,Q82
TR-808_clone.xml(6464,D195
TR-808_clone.xml(6472,U1
TR-808_clone.xml(6480,C243
TR-808_clone.xml(6488,R472
TR-808_clone.xml(6496,D194
TR-808_clone.xml(6504,C242
TR-808_clone.xml(6512,D193
TR-808_clone.xml(6520,C254
TR-808_clone.xml(6528,VR28
TR-808_clone.xml(6535,C252
TR-808_clone.xml(6543,R474
TR-808_clone.xml(6551,C253
TR-808_clone.xml(6559,C255
TR-808_clone.xml(6567,R469
TR-808_clone.xml(6575,Q83
TR-808_clone.xml(6583,R470
TR-808_clone.xml(6591,C500
TR-808_clone.xml(6599,J111
TR-808_clone.xml(6607,R501
TR-808_clone.xml(6615,R502
TR-808_clone.xml(6623,C502
TR-808_clone.xml(6631,J112
TR-808_clone.xml(6639,R504
TR-808_clone.xml(6647,R505
TR-808_clone.xml(6655,C503
TR-808_clone.xml(6663,J113
TR-808_clone.xml(6671,R507
TR-808_clone.xml(6679,R508
TR-808_clone.xml(6687,C505
TR-808_clone.xml(6695,J114
TR-808_clone.xml(6703,R513
TR-808_clone.xml(6711,R514
TR-808_clone.xml(6719,C504
TR-808_clone.xml(6727,J121
TR-808_clone.xml(6735,R510
TR-808_clone.xml(6743,R511
TR-808_clone.xml(6751,C8
TR-808_clone.xml(6759,J122
TR-808_clone.xml(6767,R55
TR-808_clone.xml(6775,R56
TR-808_clone.xml(6783,C506
TR-808_clone.xml(6791,J123
TR-808_clone.xml(6799,R516
TR-808_clone.xml(6807,R517
TR-808_clone.xml(6815,C507
TR-808_clone.xml(6823,J124
TR-808_clone.xml(6831,R519
TR-808_clone.xml(6839,R520
TR-808_clone.xml(6847,C508
TR-808_clone.xml(6855,J131
TR-808_clone.xml(6863,R522
TR-808_clone.xml(6871,R523
TR-808_clone.xml(6879,C514
TR-808_clone.xml(6887,J133
TR-808_clone.xml(6895,R536
TR-808_clone.xml(6903,R535
TR-808_clone.xml(6911,C509
TR-808_clone.xml(6919,J132
TR-808_clone.xml(6927,R525
TR-808_clone.xml(6935,R526
TR-808_clone.xml(6943,R530
TR-808_clone.xml(6951,R531
TR-808_clone.xml(6959,R532
TR-808_clone.xml(6967,C511
TR-808_clone.xml(6975,R533
TR-808_clone.xml(6983,C512
TR-808_clone.xml(6991,C1503
TR-808_clone.xml(6999,J1113
TR-808_clone.xml(7007,R1507
TR-808_clone.xml(7015,R1508
TR-808_clone.xml(7023,C1505
TR-808_clone.xml(7031,J1114
TR-808_clone.xml(7039,R1513
TR-808_clone.xml(7047,R1514
TR-808_clone.xml(7055,C1504
TR-808_clone.xml(7063,J1121
TR-808_clone.xml(7071,R1510
TR-808_clone.xml(7079,R1511
TR-808_clone.xml(7087,C1008
TR-808_clone.xml(7095,J1122
TR-808_clone.xml(7103,R1055
TR-808_clone.xml(7111,R1056
TR-808_clone.xml(7119,R1517
TR-808_clone.xml(7127,R1516
TR-808_clone.xml(7135,J1123
TR-808_clone.xml(7143,C1506
TR-808_clone.xml(7151,J145
TR-808_clone.xml(7157,C173
TR-808_clone.xml(7165,R1212
TR-808_clone.xml(7173,R1211
TR-808_clone.xml(7181,Q150
TR-808_clone.xml(7189,R1213
TR-808_clone.xml(7197,R1214
TR-808_clone.xml(7205,Q151
TR-808_clone.xml(7213,R1226
TR-808_clone.xml(7221,D156
TR-808_clone.xml(7229,U115
TR-808_clone.xml(7237,U113
TR-808_clone.xml(7245,VR111
TR-808_clone.xml(7253,C182
TR-808_clone.xml(7261,VR110
TR-808_clone.xml(7269,R1224
TR-808_clone.xml(7277,R1218
TR-808_clone.xml(7285,R1215
TR-808_clone.xml(7293,R1219
TR-808_clone.xml(7301,R1225
TR-808_clone.xml(7309,D155
TR-808_clone.xml(7317,C172
TR-808_clone.xml(7325,R1217
TR-808_clone.xml(7333,R1216
TR-808_clone.xml(7341,R1228
TR-808_clone.xml(7349,C176
TR-808_clone.xml(7357,C178
TR-808_clone.xml(7365,R1229
TR-808_clone.xml(7373,R1227
TR-808_clone.xml(7381,R1230
TR-808_clone.xml(7389,R1233
TR-808_clone.xml(7397,C181
TR-808_clone.xml(7405,R1232
TR-808_clone.xml(7413,R1234
TR-808_clone.xml(7421,R1235
TR-808_clone.xml(7429,C183
TR-808_clone.xml(7437,R1231
TR-808_clone.xml(7445,D180
TR-808_clone.xml(7453,D181
TR-808_clone.xml(7461,R1238
TR-808_clone.xml(7469,C171
TR-808_clone.xml(7477,C186
TR-808_clone.xml(7485,R1241
TR-808_clone.xml(7493,R1240
TR-808_clone.xml(7501,Q153
TR-808_clone.xml(7509,R1242
TR-808_clone.xml(7517,R1243
TR-808_clone.xml(7525,Q154
TR-808_clone.xml(7533,R1255
TR-808_clone.xml(7541,D158
TR-808_clone.xml(7549,U117
TR-808_clone.xml(7557,U116
TR-808_clone.xml(7565,VR113
TR-808_clone.xml(7573,C195
TR-808_clone.xml(7581,VR112
TR-808_clone.xml(7589,R1253
TR-808_clone.xml(7597,R1247
TR-808_clone.xml(7605,R1251
TR-808_clone.xml(7613,R1244
TR-808_clone.xml(7621,R1254
TR-808_clone.xml(7629,D157
TR-808_clone.xml(7637,C185
TR-808_clone.xml(7645,C184
TR-808_clone.xml(7653,R1246
TR-808_clone.xml(7661,R1245
TR-808_clone.xml(7669,R1257
TR-808_clone.xml(7677,C190
TR-808_clone.xml(7685,C192
TR-808_clone.xml(7693,R1258
TR-808_clone.xml(7701,R1256
TR-808_clone.xml(7709,R1259
TR-808_clone.xml(7717,R1262
TR-808_clone.xml(7725,C196
TR-808_clone.xml(7733,R1261
TR-808_clone.xml(7741,R1263
TR-808_clone.xml(7749,R1266
TR-808_clone.xml(7757,C197
TR-808_clone.xml(7765,R1260
TR-808_clone.xml(7773,D182
TR-808_clone.xml(7781,D183
TR-808_clone.xml(7789,R1239
TR-808_clone.xml(7797,C199
TR-808_clone.xml(7805,R1271
TR-808_clone.xml(7813,R1267
TR-808_clone.xml(7821,Q156
TR-808_clone.xml(7829,R1268
TR-808_clone.xml(7837,R1269
TR-808_clone.xml(7845,Q157
TR-808_clone.xml(7853,R1282
TR-808_clone.xml(7861,D160
TR-808_clone.xml(7869,U118
TR-808_clone.xml(7877,VR115
TR-808_clone.xml(7885,C1109
TR-808_clone.xml(7893,VR114
TR-808_clone.xml(7901,R1280
TR-808_clone.xml(7909,R1276
TR-808_clone.xml(7917,R1270
TR-808_clone.xml(7925,R1274
TR-808_clone.xml(7933,R1281
TR-808_clone.xml(7941,D159
TR-808_clone.xml(7949,C1100
TR-808_clone.xml(7957,C198
TR-808_clone.xml(7965,R1272
TR-808_clone.xml(7973,R1273
TR-808_clone.xml(7981,R1284
TR-808_clone.xml(7989,C1103
TR-808_clone.xml(7997,C1105
TR-808_clone.xml(8005,R1285
TR-808_clone.xml(8013,R1283
TR-808_clone.xml(8021,R1286
TR-808_clone.xml(8029,R1289
TR-808_clone.xml(8037,C1108
TR-808_clone.xml(8045,R1288
TR-808_clone.xml(8053,R1290
TR-808_clone.xml(8061,R1291
TR-808_clone.xml(8069,C1110
TR-808_clone.xml(8077,R1287
TR-808_clone.xml(8085,D184
TR-808_clone.xml(8093,D185
TR-808_clone.xml(8101,R1294
TR-808_clone.xml(8109,R1303
TR-808_clone.xml(8117,R1297
TR-808_clone.xml(8125,Q159
TR-808_clone.xml(8133,R1298
TR-808_clone.xml(8141,R1299
TR-808_clone.xml(8149,Q160
TR-808_clone.xml(8157,R1107
TR-808_clone.xml(8165,U120
TR-808_clone.xml(8173,R1330
TR-808_clone.xml(8181,C1126
TR-808_clone.xml(8189,VR116
TR-808_clone.xml(8197,C1153
TR-808_clone.xml(8205,R1295
TR-808_clone.xml(8213,R1321
TR-808_clone.xml(8221,R1306
TR-808_clone.xml(8229,C1024
TR-808_clone.xml(8237,C1125
TR-808_clone.xml(8245,Q162
TR-808_clone.xml(8253,R1300
TR-808_clone.xml(8261,C1114
TR-808_clone.xml(8269,D161
TR-808_clone.xml(8277,R1108
TR-808_clone.xml(8285,D163
TR-808_clone.xml(8293,C1120
TR-808_clone.xml(8301,R1316
TR-808_clone.xml(8309,C1116
TR-808_clone.xml(8317,C1115
TR-808_clone.xml(8325,R1315
TR-808_clone.xml(8333,R1302
TR-808_clone.xml(8341,R1301
TR-808_clone.xml(8349,D162
TR-808_clone.xml(8357,R1307
TR-808_clone.xml(8365,C1111
TR-808_clone.xml(8373,R1318
TR-808_clone.xml(8381,R1317
TR-808_clone.xml(8389,R1320
TR-808_clone.xml(8397,R1309
TR-808_clone.xml(8405,R1314
TR-808_clone.xml(8413,R1308
TR-808_clone.xml(8421,C1119
TR-808_clone.xml(8429,C1117
TR-808_clone.xml(8437,R1312
TR-808_clone.xml(8445,R1311
TR-808_clone.xml(8453,R1310
TR-808_clone.xml(8461,D164
TR-808_clone.xml(8469,R1313
TR-808_clone.xml(8477,R1326
TR-808_clone.xml(8485,U119
TR-808_clone.xml(8493,R1331
TR-808_clone.xml(8501,R1327
TR-808_clone.xml(8509,Q174
TR-808_clone.xml(8517,C1113
TR-808_clone.xml(8525,R1305
TR-808_clone.xml(8533,Q161
TR-808_clone.xml(8541,R1304
TR-808_clone.xml(8549,C1112
TR-808_clone.xml(8557,R1319
TR-808_clone.xml(8565,R1104
TR-808_clone.xml(8573,R1103
TR-808_clone.xml(8581,Q128
TR-808_clone.xml(8589,R1106
TR-808_clone.xml(8597,R1105
TR-808_clone.xml(8605,Q129
TR-808_clone.xml(8613,C1145
TR-808_clone.xml(8621,VR117
TR-808_clone.xml(8629,C1149
TR-808_clone.xml(8637,R1296
TR-808_clone.xml(8645,R1373
TR-808_clone.xml(8653,D167
TR-808_clone.xml(8661,R1343
TR-808_clone.xml(8669,Q167
TR-808_clone.xml(8677,R1344
TR-808_clone.xml(8685,R1345
TR-808_clone.xml(8693,C1135
TR-808_clone.xml(8701,D166
TR-808_clone.xml(8709,R1341
TR-808_clone.xml(8717,Q166
TR-808_clone.xml(8725,C1134
TR-808_clone.xml(8733,R1337
TR-808_clone.xml(8741,D165
TR-808_clone.xml(8749,C1131
TR-808_clone.xml(8757,R1338
TR-808_clone.xml(8765,C1132
TR-808_clone.xml(8773,R1339
TR-808_clone.xml(8781,C1133
TR-808_clone.xml(8789,R1340
TR-808_clone.xml(8797,Q168
TR-808_clone.xml(8805,R1347
TR-808_clone.xml(8813,C1151
TR-808_clone.xml(8821,R1377
TR-808_clone.xml(8829,Q165
TR-808_clone.xml(8837,R1336
TR-808_clone.xml(8845,C1130
TR-808_clone.xml(8853,R1335
TR-808_clone.xml(8861,R1375
TR-808_clone.xml(8869,C200
TR-808_clone.xml(8877,R601
TR-808_clone.xml(8885,R604
TR-808_clone.xml(8893,SW2
TR-808_clone.xml(8900,J30
TR-808_clone.xml(8908,U30
TR-808_clone.xml(8916,C201
TR-808_clone.xml(8924,SW1
TR-808_clone.xml(8931,A1
TR-808_clone.xml(8939,U31
TR-808_clone.xml(8947,U32
TR-808_clone.xml(8955,C203
TR-808_clone.xml(8963,C204
TR-808_clone.xml(8971,R602
TR-808_clone.xml(8979,R603
TR-808_clone.xml(8987,U33
TR-808_clone.xml(8995,C210
TR-808_clone.xml(9003,R605
TR-808_clone.xml(9011,R606
TR-808_clone.xml(9019,Q300
TR-808_clone.xml(9027,R611
TR-808_clone.xml(9035,R614
TR-808_clone.xml(9043,R612
TR-808_clone.xml(9051,R613
TR-808_clone.xml(9059,C211
TR-808_clone.xml(9067,R615
TR-808_clone.xml(9075,R616
TR-808_clone.xml(9083,Q301
TR-808_clone.xml(9091,R621
TR-808_clone.xml(9099,R624
TR-808_clone.xml(9107,R622
TR-808_clone.xml(9115,R623
TR-808_clone.xml(9123,C214
TR-808_clone.xml(9131,R625
TR-808_clone.xml(9139,R626
TR-808_clone.xml(9147,Q302
TR-808_clone.xml(9155,R631
TR-808_clone.xml(9163,R634
TR-808_clone.xml(9171,R632
TR-808_clone.xml(9179,R633
TR-808_clone.xml(9187,C215
TR-808_clone.xml(9195,R635
TR-808_clone.xml(9203,R636
TR-808_clone.xml(9211,Q303
TR-808_clone.xml(9219,R641
TR-808_clone.xml(9227,R644
TR-808_clone.xml(9235,R642
TR-808_clone.xml(9243,R643
TR-808_clone.xml(9251,U34
TR-808_clone.xml(9259,C216
TR-808_clone.xml(9267,R645
TR-808_clone.xml(9275,R646
TR-808_clone.xml(9283,Q304
TR-808_clone.xml(9291,R651
TR-808_clone.xml(9299,R654
TR-808_clone.xml(9307,R652
TR-808_clone.xml(9315,R653
TR-808_clone.xml(9323,C217
TR-808_clone.xml(9331,R655
TR-808_clone.xml(9339,R656
TR-808_clone.xml(9347,Q305
TR-808_clone.xml(9355,R661
TR-808_clone.xml(9363,R664
TR-808_clone.xml(9371,R662
TR-808_clone.xml(9379,R663
TR-808_clone.xml(9387,C218
TR-808_clone.xml(9395,R665
TR-808_clone.xml(9403,R666
TR-808_clone.xml(9411,Q306
TR-808_clone.xml(9419,R671
TR-808_clone.xml(9427,R674
TR-808_clone.xml(9435,R672
TR-808_clone.xml(9443,R673
TR-808_clone.xml(9451,C219
TR-808_clone.xml(9459,R675
TR-808_clone.xml(9467,R676
TR-808_clone.xml(9475,Q307
TR-808_clone.xml(9483,R681
TR-808_clone.xml(9491,R684
TR-808_clone.xml(9499,R682
TR-808_clone.xml(9507,R683
TR-808_clone.xml(9515,U35
TR-808_clone.xml(9523,C220
TR-808_clone.xml(9531,R685
TR-808_clone.xml(9539,R686
TR-808_clone.xml(9547,Q308
TR-808_clone.xml(9555,R691
TR-808_clone.xml(9563,R694
TR-808_clone.xml(9571,R692
TR-808_clone.xml(9579,R693
TR-808_clone.xml(9587,C221
TR-808_clone.xml(9595,R695
TR-808_clone.xml(9603,R696
TR-808_clone.xml(9611,Q309
TR-808_clone.xml(9619,R701
TR-808_clone.xml(9627,R704
TR-808_clone.xml(9635,R702
TR-808_clone.xml(9643,R703
TR-808_clone.xml(9651,C222
TR-808_clone.xml(9659,R705
TR-808_clone.xml(9667,R706
TR-808_clone.xml(9675,Q310
TR-808_clone.xml(9683,R711
TR-808_clone.xml(9691,R714
TR-808_clone.xml(9699,R712
TR-808_clone.xml(9707,R713
TR-808_clone.xml(9715,C223
TR-808_clone.xml(9723,R715
TR-808_clone.xml(9731,R716
TR-808_clone.xml(9739,Q311
TR-808_clone.xml(9747,R721
TR-808_clone.xml(9755,R724
TR-808_clone.xml(9763,R722
TR-808_clone.xml(9771,R723
TR-808_clone.xml(9779,U36
TR-808_clone.xml(9787,C224
TR-808_clone.xml(9795,R725
TR-808_clone.xml(9803,R726
TR-808_clone.xml(9811,Q312
TR-808_clone.xml(9819,R731
TR-808_clone.xml(9827,R734
TR-808_clone.xml(9835,R732
TR-808_clone.xml(9843,R733
TR-808_clone.xml(9851,C225
TR-808_clone.xml(9859,R735
TR-808_clone.xml(9867,R736
TR-808_clone.xml(9875,Q313
TR-808_clone.xml(9883,R741
TR-808_clone.xml(9891,R744
TR-808_clone.xml(9899,R742
TR-808_clone.xml(9907,R743
TR-808_clone.xml(9915,C226
TR-808_clone.xml(9923,R745
TR-808_clone.xml(9931,R746
TR-808_clone.xml(9939,Q314
TR-808_clone.xml(9947,R751
TR-808_clone.xml(9955,R754
TR-808_clone.xml(9963,R752
TR-808_clone.xml(9971,R753
TR-808_clone.xml(9979,C227
TR-808_clone.xml(9987,R755
TR-808_clone.xml(9995,R756
TR-808_clone.xml(10003,Q315
TR-808_clone.xml(10011,A2
TR-808_clone.xml(10019,SW3
TR-808_clone.xml(10026,R1001
TR-808_clone.xml(10034,R1002
TR-808_clone.xml(10042,SW4
TR-808_clone.xml(10049,C1009
